id;title;publish_date;upload_timestamp;number_of_pages;file_size;download_link;mime_type
1;invoice infomediaries;2020-01-10;2020-01-11T06:51:32;49810;8381;Universal hub;Forint transparent
2;parse;2020-01-11;2020-01-10T20:47:40;78424;67685;engage generate Chicken;Implementation
3;Auto Loan Account optical Chicken;2020-01-11;2020-01-11T11:18:06;38296;6976;hack;Rwanda Down-sized fault-tolerant
4;Chicken;2020-01-10;2020-01-10T19:05:18;20010;21636;orchid;AGP Cambridgeshire payment
5;Berkshire Credit Card Account Operations;2020-01-11;2020-01-11T09:03:17;16183;75072;Executive;back up
6;adapter bi-directional;2020-01-10;2020-01-10T17:25:14;27252;1601;Generic Fresh Cheese;Borders Tactics payment
7;orchid Savings Account Pataca;2020-01-11;2020-01-10T22:14:42;34235;72772;Circles;bluetooth
8;Buckinghamshire;2020-01-11;2020-01-10T21:33:38;2928;45836;Georgia primary Customer;Checking Account Chief
9;payment Checking Account;2020-01-11;2020-01-11T08:50:05;30971;13165;Savings Account mesh;initiative
10;Engineer Product hacking;2020-01-11;2020-01-11T11:03:40;15206;21417;technologies Berkshire;Cameroon Awesome Concrete Bike Bulgarian Lev
