id;title;version_count;publish_date;upload_timestamp;number_of_pages;file_size;download_link
1;Incredible 4th generation deposit;29367;2020-01-05;2020-01-04T18:36:55;46033;28084;compress optical Wisconsin
2;Vermont copying Digitized;74662;2020-01-05;2020-01-05T12:50:20;20935;90990;France Marketing Advanced
3;Landing redundant Consultant;60100;2020-01-04;2020-01-05T16:26:36;26915;99157;Switzerland
4;PCI Program;89032;2020-01-05;2020-01-05T14:11:32;40837;51879;payment
5;Colorado;84927;2020-01-05;2020-01-05T04:02:59;49109;26163;THX
6;Incredible invoice driver;42980;2020-01-05;2020-01-05T15:09:43;18579;68837;Fantastic invoice
7;compressing;94263;2020-01-04;2020-01-05T04:59:01;7896;41915;web services directional
8;Coordinator;82704;2020-01-04;2020-01-05T02:46:36;48067;19939;invoice
9;indexing Tactics navigate;96677;2020-01-05;2020-01-04T21:07:51;54658;3772;conglomeration Summit Computer
10;Congolese Franc Personal Loan Account;99303;2020-01-05;2020-01-04T20:30:08;52060;10147;Samoa deposit Canyon
